user_name;user_id;timestamp;email;address
dmccann;45c157f9-7f7f-4c2a-becd-98fffcd523e6;2024-05-10 19:42:27;curtisross@morse.com;"647 Alyssa Skyway
North Shelly, NJ 67085"
stephenwelch;5d1b9ea4-9809-4a4f-9ca7-45dafb28b1a1;2024-08-30 06:58:07;richardsshawn@wheeler.com;"3457 Blair Mills Apt. 049
South Virginia, ME 73958"
victoria33;c4ea3b6e-8f1b-48ac-968c-02881ca6c04a;2024-02-28 16:51:57;mcleananna@hotmail.com;"88468 Nicholas Turnpike Suite 248
Angelaberg, SC 82655"
marycruz;eb3236f5-53b6-4cdc-a31b-a10e0981169b;2024-03-16 23:43:32;john30@vasquez.com;"Unit 9375 Box 2882
DPO AE 66265"
michaelroberts;2da5c8d7-0321-4d5f-873d-62e99558f0b9;2024-07-16 18:11:31;christophergarrett@gmail.com;"43426 Bates Station Suite 435
Andrewside, TX 01223"
connie98;2062bd1e-049d-4f6e-8bc4-342d3c90fe12;2024-02-08 18:56:50;kchavez@gmail.com;"717 Baker Lakes Suite 781
Mackville, DC 50521"
melissa88;db82e915-fb47-4510-b021-675e50a54431;2024-08-12 10:42:37;keithevans@berger.org;"925 Wright Village Apt. 889
North Ashleyberg, OK 71201"
inavarro;8b975825-ea55-43c3-808b-ee9369282a43;2024-07-19 11:45:36;christopherestrada@maldonado.biz;"Unit 8206 Box 2939
DPO AA 03886"
kflores;121e2473-08c3-4c07-892e-3a95f2ce004f;2024-05-21 17:42:51;alanbell@gmail.com;"64374 Dakota Road Suite 005
Hallchester, SD 87006"
johnsonkathy;7b599c7a-9c20-4067-acc6-c0e2afa05360;2024-02-09 04:40:53;jmaldonado@yahoo.com;"3108 Powell Circle
South Sabrinafurt, ND 57307"
garciamelinda;1672851e-3479-4135-b3da-42abe8a8edac;2024-04-16 09:35:59;gharvey@arroyo-hill.com;"8458 Smith Way Suite 322
Port Brittanybury, ID 67504"
lydiahuynh;1e689144-8798-4804-ba4e-77e068750bb6;2024-05-25 08:11:30;lrobertson@douglas.com;"44199 Robert Glens Suite 786
East Deborah, TN 98264"
james42;ec50b2d2-4b5e-42b0-9d1e-df1e2155f5c2;2024-07-01 12:43:23;kevincraig@johnson-harvey.biz;"93936 Rebecca Trail Apt. 325
Lake Angela, CT 80162"
idelgado;69ccc083-98f6-4227-93fc-f2cce6a6b9b7;2024-05-27 10:20:55;wendyclayton@daniel.net;"82693 Wood Grove Suite 275
Franciscohaven, WI 56564"
smithrebecca;5ff09513-a447-428b-ab11-d69b3f9c8d44;2024-01-26 05:15:31;mstevens@hotmail.com;"PSC 7205, Box 0845
APO AE 88254"
imorris;0dd1ee3b-9fe9-4dc6-8ba9-f9e2b65c611b;2024-01-29 19:44:50;mparsons@gmail.com;"45366 Donald Mills
North Alexandraside, KS 84973"
lisa32;9e7a7f8e-967c-4a5f-ac1b-3cc08f8f2bfe;2024-07-20 19:55:15;mcdaniellisa@hotmail.com;"194 Fox Hill Suite 476
East Paul, WV 74431"
debrahayes;f36723db-f9ff-4ae3-ab9c-972321243ca3;2024-06-04 02:13:04;lauren54@gmail.com;"612 Bryan Junction Apt. 058
New Melissa, VT 54525"
catherine35;d77a1cdb-07ba-4311-b6f5-2a42dbeb00c4;2024-05-28 23:56:34;rogersalbert@yahoo.com;"2219 Lin Summit Suite 701
Mendozashire, FL 68810"
fmolina;37299dec-a30d-4662-93c1-bde4b76a8c1f;2024-01-13 16:28:26;qjones@gmail.com;"3231 Alvarez Roads
Reedchester, ND 11995"
otorres;4cdd08ae-a0af-43bf-b56c-209c871c0028;2024-08-02 09:49:49;staffordrobert@yahoo.com;"2751 Steven Highway Suite 022
South Samuelfurt, OR 06247"
despinoza;ce60f3b2-fc84-4042-8ddb-19350405d229;2024-06-21 21:12:25;garciaantonio@johnson.org;"603 Tyler Trace Suite 283
Blackburnside, PA 94993"
catherineallen;764287be-14b4-4cce-8b34-02004315767a;2024-02-23 16:59:42;nicholas25@cordova.info;"2320 Gomez Mews
Port Stephanie, CA 76673"
ariassteven;e15860ea-fa43-421a-b4da-b61bd5a39c22;2024-07-04 09:38:02;michelle51@morris-thomas.com;"4105 Hayes Street Apt. 167
West Reginaldchester, WI 25936"
caitlin82;51d1cbfa-6d25-4eb9-8442-e59cc6e1aa89;2024-07-13 20:33:38;patricialynch@herrera-blair.com;"37371 Steven Trail
Johnmouth, MD 10089"
ggarner;02b7cc7b-cb82-42d4-aed4-d8a5f10dd4bd;2024-05-24 13:33:43;julian89@bass-harrison.com;"852 Jennifer Locks
Port Ashley, NE 76600"
qwoods;07f46288-d44d-4638-a856-afaa3c8d6099;2024-07-11 19:34:13;whiteheadjonathan@gmail.com;"03873 Jamie Club Suite 292
North Austinhaven, FL 13034"
amber35;b6aacd12-8d04-400f-b68c-bd6c88b9cd0a;2024-06-24 00:15:50;tweaver@yahoo.com;"8875 Cox Place
New Jay, GA 02096"
wflynn;38134488-e260-4111-8abe-4fcb0e44f499;2024-04-01 09:01:23;campbellkatherine@davidson.info;"1748 Reynolds Courts
South Gary, LA 11849"
morrisjohn;944d97e7-05ad-4bea-9f28-d5e9f9928771;2024-05-28 11:14:39;dawnsmith@parker.biz;"403 Moss Green
Zoehaven, MS 82064"
brian95;9d2f2f61-dcfb-40dd-a2ec-1bda2151761f;2024-09-19 02:36:51;wendy17@bass.biz;"USS Morse
FPO AA 95248"
brianna81;b4bf7b52-9d54-435b-9193-9f4cddf303dc;2024-07-08 09:19:54;smithkathryn@yahoo.com;"75060 Haynes Ridge Apt. 453
Sarafort, KY 94182"
lholden;7fa830ea-1ecb-4e45-9e8d-8a099e3c8069;2024-06-23 05:46:28;david10@smith-chase.biz;"USNV Garrison
FPO AE 12119"
eric78;d846b1d0-3895-4eb7-bb4a-c4a137c5e350;2024-04-25 05:17:01;jasonpham@meyer.com;"196 Amber Plains Suite 105
Christyborough, FL 48391"
thomas88;e932d882-65ee-4590-b49c-10d5f2b30e82;2024-02-02 06:06:59;brightrichard@gmail.com;"PSC 4260, Box 8739
APO AP 73382"
nathansmith;9bf8292d-1f34-4d69-bc00-80cbf30e8db3;2024-08-23 07:51:41;fbrown@barton.com;"278 Sims Spurs
New James, FL 81180"
mcintoshjennifer;13a53af2-0c2c-4ac1-8e29-f926fd19f9e4;2024-06-03 08:46:12;brownsheila@ramsey-blake.com;"PSC 2531, Box 1808
APO AA 72912"
maciasdiana;7b02c82f-3df0-491b-a7a9-0d818f12aea3;2024-09-08 02:39:23;michelle48@yahoo.com;"Unit 6614 Box 1008
DPO AE 43294"
anthonyhurst;8bea3859-04e9-469c-a58a-9745b43a90b9;2024-02-22 09:40:06;shermankatie@hotmail.com;"54279 Pamela Estates
Brittanyside, WV 64949"
zstevens;f4fad199-b4c2-4548-ba99-f6a04db91caa;2024-01-05 16:53:21;nicholas19@yahoo.com;"PSC 0154, Box 2630
APO AA 90630"
darrell89;07e26516-fef1-43d6-8e21-4eb4be647ce0;2024-09-21 21:04:09;jacksonemily@hotmail.com;"23442 Holly Mills
East Jacqueline, NV 01006"
moraleschristina;57a01edb-0b19-4928-bfc4-ea9b831e57a5;2024-02-05 09:36:07;ysawyer@gmail.com;"05040 Joseph Neck
New Kyle, DC 31446"
lgonzalez;38599312-6bf3-41cf-ad68-f3113f7c8c0d;2024-09-23 20:00:01;mcknightnatalie@gmail.com;"238 Crystal Lakes Suite 672
North Stevenport, SD 62894"
anthonymartinez;3aa965e1-b65a-4b64-8d7c-78093e58ae3f;2024-07-07 22:16:55;msullivan@yahoo.com;"71063 Jones Walks
New Patriciamouth, MN 25039"
kharris;14334b79-fbba-478c-a5de-8c04fafa81a5;2024-02-01 21:05:45;tinahughes@gmail.com;"1261 Christine Extension
Jacksonland, KY 02551"
deanna80;cc5677ea-2bc9-4c13-80a2-36e30ca243dc;2024-04-28 04:57:15;whorn@schneider.org;"0758 Rebecca Cliffs Apt. 476
Brandyview, SC 45457"
kathrynhunt;bcb25299-1fde-4ce3-9301-e609b1ad7e02;2024-02-29 10:58:16;sarahmayer@hotmail.com;"761 Knight Lock Suite 837
Johnshire, AK 40192"
vwilson;e761e533-99b6-4f54-b0f8-0a01e559b1f9;2024-10-04 14:28:08;regina37@craig.net;"Unit 5542 Box 0020
DPO AE 24502"
mary57;5bc4496b-3e26-47a2-8e5f-79bc49c5f35f;2024-03-02 20:55:07;belljacob@davis.com;"7471 Emily Loaf
Lake Henry, KS 01891"
gregory16;b8dad275-b99c-42d0-bf79-7b4ace25aa4e;2024-04-08 13:44:51;qgilbert@bryant-wilson.com;"Unit 9473 Box 0942
DPO AP 49226"
jennifer26;a4fde38f-688c-4413-a447-ff4a84929a3b;2024-04-29 16:19:03;kenneth70@yahoo.com;"970 Jordan Rapid
Jayside, MD 82255"
sharongrant;d71e67cd-1d62-4ab7-85ec-4fa652c2450e;2024-02-06 12:40:45;uramirez@gmail.com;"631 Thomas Points
Richardchester, OR 92653"
nicholas01;67642c3c-313f-41e9-9844-793f18b92b58;2024-01-18 08:50:03;chelseasmith@gmail.com;"217 Mccormick Junctions Apt. 206
East Andrew, AL 57301"
ocunningham;c1f2339f-c50b-4ec3-992b-3cba122cb05f;2024-02-06 11:24:15;gordoncharles@paul.net;"USS Torres
FPO AE 85911"
ajames;393f8f50-46c2-4dbc-9f18-cdd089c4ca02;2024-02-20 09:00:47;wbrown@yahoo.com;"747 Michael Bypass
Lake Derekland, WV 99784"
felicia34;33d93043-a037-468a-b229-d1deafe7cfa3;2024-01-30 14:03:29;qfischer@gmail.com;"63533 Brian Trail
Ricetown, MN 57378"
harttara;3302a765-784e-4692-8f3e-87eb661b6ce6;2024-06-20 13:59:16;rwilson@diaz.com;"3386 Jones Station Apt. 376
Port Danielland, IN 68229"
ysimpson;a4b7faef-a8a3-4e0f-9637-d31366f48b0b;2024-05-29 06:13:09;jameswilliams@yahoo.com;"5562 Rodriguez Estate Suite 289
Amandaland, VT 53667"
brianvelez;f9423428-36ed-47d7-bc4e-5d5e98b8ae5a;2024-04-25 07:15:24;jonesdonald@hanson.com;"1927 Shane Curve Suite 656
Lake Veronicabury, WI 74752"
wilsonjill;df59ae64-2738-4f44-bc8c-b1ef725c264c;2024-06-11 02:25:22;nswanson@wise.com;"6674 Suzanne Park
Andrewland, IN 75988"
lbaker;abbb3c16-2edd-45d1-9438-7f0b6fdf319d;2024-09-11 14:58:45;aliciacopeland@obrien.com;"45781 Kristine Locks Suite 260
Port Derrick, NH 69905"
acardenas;f7697181-ae00-49f5-8f94-dc57373c1b9f;2024-02-06 15:23:32;candice24@gmail.com;"78896 Holmes Trace Apt. 691
Pamelaport, ME 41123"
belljacob;74fb6cb9-73b9-438b-a0c9-a376d9d79110;2024-06-15 16:55:02;joe60@howard.com;"52760 Ricky Club Apt. 714
East Carolbury, MT 52226"
barmstrong;d7cada51-d463-4f17-ad4d-81ae15030660;2024-04-09 22:58:38;karencohen@thomas-maynard.com;"934 Ball Station Suite 352
Lake Thomasport, TN 69143"
meyermarc;ae6e0544-a1fd-444e-b32b-b9b139cc017e;2024-09-28 05:24:19;teresamcdaniel@fox-garcia.info;"130 Roach Port Apt. 979
East Hannah, NM 28277"
roy72;2e047e68-76e4-43d6-adf8-1776fb9f547c;2024-01-24 12:40:33;sheparddebra@yahoo.com;"17498 Jeremy Unions Apt. 115
New Brianfurt, ME 48909"
derrick74;25f87e6f-d297-4576-aa73-8e82456378d3;2024-02-18 16:57:54;zjenkins@austin.com;"5076 Reese Estates
Floresside, NH 14195"
trodriguez;2babfa1d-0a57-429c-913f-2adff56fbd56;2024-09-30 05:57:13;juliehampton@hotmail.com;"6467 Anthony Alley
Jacobfurt, CT 89855"
denise77;8375b90d-0ab1-4656-a56e-e6ea24d9752d;2024-06-16 07:57:40;dtaylor@riggs.com;"501 Campbell Gateway
Leslieland, MD 20617"
htorres;eebcbc80-445f-4e2b-9582-a2da33b827ad;2024-06-06 19:55:10;michaelstout@hammond-mooney.com;"8692 Austin Throughway
West Samuelshire, NH 19784"
mtucker;288124e2-6632-4e0a-b1e0-76e012dff220;2024-05-13 09:03:55;kathryn31@wells.info;"58636 Obrien Fall
North Barbarafurt, NE 37497"
brownmonica;bc8c63f2-38f9-458d-9ec0-2cae21d28a4c;2024-05-03 23:31:17;jefferymiller@henry.info;"89932 Daniel Stream Apt. 451
Port Gregory, MA 81861"
hansennatalie;7f280b3d-1d32-4009-8ed0-9568958c0156;2024-04-23 23:01:20;stevensonjeremy@bishop.info;"423 Arthur Creek
West Tracyshire, CO 66633"
debramora;d4ff9ade-c6db-4c97-8691-0bc712a12ea7;2024-05-09 15:24:40;barreramary@yahoo.com;"26492 Mata Forge Apt. 376
Harryton, SD 41831"
howardalvin;dfea39e6-658b-49cb-8aa3-3965efb4997f;2024-02-20 15:23:13;angela38@gmail.com;"5462 Parker Lodge
Shawnstad, NC 25525"
thomas02;e884b34a-ff39-46ce-9988-2492e42fc0cc;2024-07-07 03:25:18;april65@cruz-rogers.net;"9757 Mcdonald Ways
North Robertview, VT 92384"
michael25;fe08fca9-6862-4e6e-888c-b9f28b9b9a27;2024-01-17 11:56:57;sullivanpamela@castillo.com;"5369 Taylor Way Apt. 585
Samuelborough, MI 65919"
benjaminayala;21191869-7758-489b-99ed-b4be099d2592;2024-02-08 06:23:15;steveporter@campbell.biz;"7789 Parks Canyon
Lake Sarah, AL 46437"
aaronmorrison;9b96394a-efd7-4c98-bd6b-e1299b797afb;2024-05-22 03:50:38;parkjennifer@yahoo.com;"775 Richard Extensions Apt. 396
Lake Patrickfort, FL 18243"
morrowderrick;064c0087-944e-4a92-bb3c-b91d1c94d275;2024-02-21 01:41:05;wayne51@hotmail.com;"54765 Rachael Manor
East Ericport, SD 09183"
rodriguezalyssa;490a36a0-0683-4f42-afc6-ad6ceb94a7f6;2024-09-16 04:53:39;roybrown@goodwin-white.info;"12465 Simmons Orchard
West Wendy, WV 16515"
thomas90;9f861d0a-5dfa-4568-af11-7c74f0f5579b;2024-09-25 05:17:32;campbellbrandy@pollard.net;"748 Anna Passage Suite 650
South Robert, ND 79008"
tjohnson;66915f03-d936-4f21-8dba-5bb81cbd4b94;2024-06-18 23:17:26;john63@yahoo.com;"3209 Butler Ports
West Mario, IA 56263"
wgomez;6e86f7e8-97e6-4ebc-8d78-b28eaddd6f10;2024-06-21 15:46:08;stafforddaniel@salazar-snow.com;"00652 Bethany Stream Apt. 283
Port Carolmouth, NM 50428"
hillandrew;f6de05c6-5c92-4447-b2c5-896929ed01af;2024-07-04 17:41:36;zmolina@smith.net;"307 Gallagher Mill
Port Markview, CO 44164"
jodi10;2ddf8d44-8019-46d1-b3ff-c952b17a2a90;2024-09-12 18:07:08;hsullivan@gmail.com;"1013 Clayton Corners Suite 068
New Jenniferberg, KY 43253"
williserica;1c5aaf99-20ea-44ba-8e0a-2da8cda97757;2024-08-25 16:32:55;lewisdakota@yahoo.com;"67230 Coleman Orchard Suite 370
Chandlerberg, IN 75591"
scott20;b34e0d14-44f2-4ffc-8450-8a6271d59bc0;2024-06-22 09:37:02;handersen@gmail.com;"36684 Drake Radial
Lake Jonathanville, NV 99854"
hamiltonchristina;ee40909c-76d0-4e27-9c17-5f4e466b1808;2024-03-20 12:32:35;stevejordan@hotmail.com;"35483 Hunter Spurs
Anthonystad, NH 94157"
pattonjacqueline;4024db48-7e45-4a97-8188-b9c21087f1bd;2024-08-11 19:53:25;john15@lewis.com;"11374 Smith Mall
New Jamieborough, MI 41377"
wyatt51;95761006-a1bd-4ed3-88ef-bb5b6f9e3cd5;2024-03-13 05:24:35;mhale@hansen.com;"6793 James Inlet
Singletonchester, ID 90327"
gmclaughlin;40f0329c-819c-4fa8-9564-8ab78276b481;2024-01-19 23:02:31;john00@hotmail.com;"954 Green Trail
Reynoldsbury, NV 15248"
hcastillo;ec625233-08ed-4261-b2ca-35b67e21a568;2024-04-29 12:11:13;brittanyevans@brooks.com;"PSC 6863, Box 8367
APO AP 05518"
hintonbrandon;9041358c-19e0-45f8-abcf-e4ce0a23838d;2024-02-03 13:37:37;bryanshelton@sawyer.org;"48568 Smith Club Suite 051
Parkerview, VA 25162"
ohicks;2af704f1-ef40-47a3-bff0-cf202edc52c6;2024-08-24 02:02:46;sarah22@valentine-mahoney.com;"86268 Patrick Court Apt. 366
South Heatherburgh, GA 84333"
jtyler;7de4861d-ef24-460b-9b77-ce410720e2f6;2024-09-04 04:42:31;jason80@hotmail.com;"93648 Miranda Mall Suite 023
Gracefort, OK 85041"
nweaver;010a92cc-d3a6-46f5-8490-3a42b326c9fa;2024-03-23 16:55:57;richard24@yahoo.com;"8680 Zachary Pass
West Cassandra, WI 66616"
steven61;d3e5d1d1-8c26-4b11-9ed0-c954293b1eae;2024-07-02 11:06:36;ryansimpson@hotmail.com;"216 Burton Rapid Apt. 569
Matthewside, MA 44754"
brownmichele;2cee2a9b-a07b-4f47-83c2-6474ddbc7c14;2024-06-22 02:11:34;rwoodward@snyder-martin.com;"2446 Rivera Trail Apt. 395
Pearsonstad, HI 50772"
garypowers;83b84bae-5366-475e-b433-20037fd768e6;2024-05-11 21:55:27;deanna89@jones.info;"81397 Tammy Springs Suite 370
South Carriefurt, ND 11733"